<?xml version="1.0" encoding="UTF-8"?>
<!DOCTYPE log4j:configuration SYSTEM "log4j.dtd">
<log4j:configuration xmlns:log4j="http://jakarta.apache.org/log4j/">

  <!-- Appenders -->
  <appender name="console" class="org.apache.log4j.ConsoleAppender">
    <layout class="org.apache.log4j.PatternLayout">
      <param name="ConversionPattern" value="%d{yyyy-MM-dd hh:mm:ss.SSS} %p %c - %m%n" />
    </layout>
  </appender>
  <!-- 
  <appender name="default" class="org.apache.log4j.DailyRollingFileAppender">
  	<param name="File" value="/data/wendaoo/logs/default.log" />
  	<param name="DatePattern" value="'-'yyyyMMdd" />
  	<layout class="org.apache.log4j.PatternLayout">
      <param name="ConversionPattern" value="%d{yyyy-MM-dd hh:mm:ss.SSS} %p %c - %m%n" />
    </layout>
  </appender>
  
  <appender name="auth" class="org.apache.log4j.DailyRollingFileAppender">
  	<param name="File" value="/data/wendaoo/logs/auth.log" />
  	<param name="DatePattern" value="'-'yyyyMMdd" />
  	<layout class="org.apache.log4j.PatternLayout">
      <param name="ConversionPattern" value="%d{yyyy-MM-dd hh:mm:ss.SSS} %p %c - %m%n" />
    </layout>
  </appender>
  
  <appender name="performance" class="org.apache.log4j.DailyRollingFileAppender">
  	<param name="File" value="/data/wendaoo/logs/performance.log" />
  	<param name="DatePattern" value="'-'yyyyMMdd" />
  	<layout class="org.apache.log4j.PatternLayout">
      <param name="ConversionPattern" value="%d{yyyy-MM-dd hh:mm:ss.SSS} %p %c - %m%n" />
    </layout>
  </appender>
   -->
  <!-- Loggers -->
  <!-- 
  <logger name="com.changev.tutor.AUTH" additivity="false">
    <level value="INFO" />
    <appender-ref ref="auth" />
  </logger>
  
  <logger name="com.changev.tutor.PERFORMANCE" additivity="false">
    <level value="DEBUG" />
    <appender-ref ref="performance" />
  </logger>
  
  <logger name="com.changev.tutor" additivity="false">
    <level value="TRACE" />
    <appender-ref ref="default" />
  </logger>
   -->
  <logger name="com.changev.tutor" additivity="false">
    <level value="TRACE" />
    <appender-ref ref="console" />
  </logger>
  
  <!-- Root Logger -->
  <root>
    <priority value="INFO" />
    <appender-ref ref="console" />
  </root>
  
</log4j:configuration>