<?xml version="1.0" encoding="UTF-8"?>
<beans xmlns="http://www.springframework.org/schema/beans"
       xmlns:context="http://www.springframework.org/schema/context"
       xmlns:util="http://www.springframework.org/schema/util"
       xmlns:p="http://www.springframework.org/schema/p"
       xmlns:xsi="http://www.w3.org/2001/XMLSchema-instance"
       xsi:schemaLocation="
    	http://www.springframework.org/schema/beans		http://www.springframework.org/schema/beans/spring-beans-3.0.xsd
    	http://www.springframework.org/schema/context	http://www.springframework.org/schema/context/spring-context-3.0.xsd
		http://www.springframework.org/schema/util		http://www.springframework.org/schema/util/spring-util-3.0.xsd
       ">

		<import resource="com.changev.tutor.service.xml"/>

	<!-- ####################################### -->
	<!-- ##       COMMON CONFIGURATION        ## -->
	<!-- ####################################### -->
	
	<!-- Timer -->
	<bean id="timer" class="java.util.Timer">
		<constructor-arg type="boolean" value="true" />
	</bean>

	<!-- Startup -->
	<bean id="startup" class="com.changev.tutor.util.TaskRunner"
		p:timer-ref="timer"
		p:period="30000"
	>
		<property name="task">
			<bean class="com.changev.tutor.util.ConstantsReloadTask"
				p:filepath="//../data/const.json"
			/>
		</property>
	</bean>
	
	<!-- Freemarker -->
	<bean class="freemarker.template.Configuration"
		p:defaultEncoding="UTF-8"
		p:tagSyntax="0"
	>
		<property name="objectWrapper">
			<bean class="com.changev.tutor.web.template.AdapterObjectWrapper" />
		</property>
		<property name="templateExceptionHandler" value="#{T(freemarker.template.TemplateExceptionHandler).IGNORE_HANDLER}" />
	</bean>
	
	<!-- UserFileManager -->
	<bean class="com.changev.tutor.web.util.DefaultUserFileManager" />
	
	<!-- Gson -->
	<bean class="com.google.gson.Gson" />

	<!-- File upload -->
	<bean class="org.apache.commons.fileupload.servlet.ServletFileUpload"
		p:sizeMax="#{5*1024*1024}"
		p:fileSizeMax="#{500*1024}"
	>
		<property name="fileItemFactory">
			<bean class="org.apache.commons.fileupload.disk.DiskFileItemFactory"
				p:sizeThreshold="#{10*1024}"
			/>
		</property>
	</bean>
	
	<!-- ####################################### -->
	<!-- ##     APPLICATION CONFIGURATION     ## -->
	<!-- ####################################### -->
	
	<!-- Views -->
	<bean id="public.loginView" class="com.changev.tutor.web.pub.LoginView">
		<property name="loginValidator">
			<util:map map-class="com.changev.tutor.web.util.ParamValidatorMap">
				<entry key="email.required" value="请输入登录邮箱。" />
				<entry key="password.required" value="请输入登录密码。" />
				<entry key="checkCode.checkcode" value="验证码不正确。" />
			</util:map>
		</property>
		<property name="successPages">
			<map>
				<entry key="Parent" value="/front/questionList.html" />
				<entry key="Student" value="/front/questionList.html" />
				<entry key="Organization" value="/back/teacherList.html" />
				<entry key="Teacher" value="/back/questionList.html" />
				<entry key="Admin" value="/manage/data.html" />
			</map>
		</property>
		<property name="failMessage" value="用户不存在或密码错误。" />
		<property name="incompleteMessage" value="为了更好地服务，请完整个人资料。" />
	</bean>
	
	<bean id="public.logoutView" class="com.changev.tutor.web.pub.LogoutView"
		p:successPage="/public/login.html"
	/>
	
	<bean id="public.registerView" name="public.registerorgView" class="com.changev.tutor.web.pub.RegisterView">
		<property name="registerValidator">
			<util:map map-class="com.changev.tutor.web.util.ParamValidatorMap">
				<entry key="email.required" value="请输入登录邮箱。" />
				<entry key="email.length" value="请不要超过{maxLength}个字。" />
				<entry key="email.length.maxLength"><value type="int">255</value></entry>
				<entry key="email.pattern" value="请输入正确的邮箱地址。" />
				<entry key="email.pattern.pattern" value="[^@\s]+@\S+" />
				<entry key="password.required" value="请输入登录密码。" />
				<entry key="password.length" value="登录密码长度在{minLength}~{maxLength}位之间。" />
				<entry key="password.length.minLength"><value type="int">6</value></entry>
				<entry key="password.length.maxLength"><value type="int">10</value></entry>
				<entry key="password.equals" value="登录密码和确认密码不一致。" />
				<entry key="password.equals.anotherName" value="confirmPassword" />
				<entry key="checkCode.checkcode" value="验证码不正确。" />
			</util:map>
		</property>
		<property name="duplicatedEmailMessage" value="该邮箱已经注册。" />
		<property name="userSuccessPage" value="/front/questionList.html" />
		<property name="orgSuccessPage" value="/back/teacherList.html" />
	</bean>
	
	<bean id="front.modifyMemberView" class="com.changev.tutor.web.front.ModifyMemberView">
		<property name="submitValidator">
			<util:map map-class="com.changev.tutor.web.util.ParamValidatorMap">
				<entry key="name.required" value="请输入您的姓名。" />
				<entry key="name.length" value="请不要超过{maxLength}个字。" />
				<entry key="name.length.maxLength"><value type="int">10</value></entry>
				<entry key="studentName.required" value="请输入您的姓名。" />
				<entry key="studentName.length" value="请不要超过{maxLength}个字。" />
				<entry key="studentName.length.maxLength"><value type="int">10</value></entry>
				<entry key="school.length" value="请不要超过{maxLength}个字。" />
				<entry key="school.length.maxLength"><value type="int">50</value></entry>
				<entry key="hobby.length" value="请不要超过{maxLength}个字。" />
				<entry key="hobby.length.maxLength"><value type="int">50</value></entry>
				<entry key="description.length" value="请不要超过{maxLength}个字。" />
				<entry key="description.length.maxLength"><value type="int">500</value></entry>
				<entry key="answerer[].length" value="请不要超过{maxLength}个字。" />
				<entry key="answerer[].length.maxlength"><value type="int">255</value></entry>
				<entry key="answerer[].user" value="输入的用户不存在。" />
				<entry key="contactName.length" value="请不要超过{maxLength}个字。" />
				<entry key="contactName.length.maxLength"><value type="int">10</value></entry>
				<entry key="postcode.length" value="请不要超过{maxLength}个字。" />
				<entry key="postcode.length.maxLength"><value type="int">7</value></entry>
				<entry key="postcode.numeric" value="邮政编码只能包含数字。" />
				<entry key="address[].length" value="请不要超过{maxLength}个字。" />
				<entry key="address[].length.maxLength"><value type="int">200</value></entry>
				<entry key="telephone.length" value="请不要超过{maxLength}个字。" />
				<entry key="telephone.length.maxLength"><value type="int">20</value></entry>
				<entry key="telephone.pattern" value="请按照格式（区号-电话号码-分机号）输入。" />
				<entry key="telephone.pattern.pattern" value="(?:\d+-)?\d+(?:-\d+)?" />
				<entry key="cellphone.length" value="请不要超过{maxLength}个字。" />
				<entry key="cellphone.length.maxLength"><value type="int">15</value></entry>
				<entry key="cellphone.numeric" value="电话号码只能是数字。" />
				<entry key="qq.length" value="请不要超过{maxLength}个字。" />
				<entry key="qq.length.maxLength"><value type="int">255</value></entry>
				<entry key="weibo.length" value="请不要超过{maxLength}个字。" />
				<entry key="weibo.length.maxLength"><value type="int">255</value></entry>
				<entry key="mailAddress.length" value="请不要超过{maxLength}个字。" />
				<entry key="mailAddress.length.maxLength"><value type="int">255</value></entry>
				<entry key="mailAddress.pattern" value="请输入正确的邮箱地址。" />
				<entry key="mailAddress.pattern.pattern" value="[^@\s]+@\S+" />
			</util:map>
		</property>
		<property name="duplicatedEmailMessage" value="该邮箱已经注册。" />
		<property name="userLockedMessage" value="其他用户正在修改，请稍候再试。" />
		<property name="successPage" value="" />
	</bean>
	
	<bean id="front.questionListView" class="com.changev.tutor.web.front.QuestionListView" />
	
	<bean id="front.newQuestionView" class="com.changev.tutor.web.front.NewQuestionView">
		<property name="submitValidator">
			<util:map map-class="com.changev.tutor.web.util.ParamValidatorMap">
				<entry key="title.required" value="请输入问题描述。" />
				<entry key="title.length" value="请不要超过{maxLength}个字。" />
				<entry key="title.length.maxLength"><value type="int">500</value></entry>
			</util:map>
		</property>
	</bean>
	
	<bean id="front.questionDetailView" class="com.changev.tutor.web.front.QuestionDetailView" />

	<bean id="back.teacherListView" class="com.changev.tutor.web.back.TeacherListView" />
	
	<bean id="back.modifyTeacherView" class="com.changev.tutor.web.back.ModifyTeacherView">
		<property name="submitValidator">
			<util:map map-class="com.changev.tutor.web.util.ParamValidatorMap">
				<entry key="email.required" value="请输入登录邮箱。" />
				<entry key="email.length" value="请不要超过{maxLength}个字。" />
				<entry key="email.length.maxLength"><value type="int">255</value></entry>
				<entry key="email.pattern" value="请输入正确的邮箱地址。" />
				<entry key="email.pattern.pattern" value="[^@\s]+@\S+" />
				<entry key="password.length" value="登录密码长度在{minLength}~{maxLength}位之间。" />
				<entry key="password.length.minLength"><value type="int">6</value></entry>
				<entry key="password.length.maxLength"><value type="int">10</value></entry>
				<entry key="name.required" value="请输入您的姓名。" />
				<entry key="name.length" value="请不要超过{maxLength}个字。" />
				<entry key="name.length.maxLength"><value type="int">10</value></entry>
				<entry key="subjects[].required" value="请选择学科。" />
				<entry key="teachedYears.numeric" value="教龄只能是数字。" />
				<entry key="homepage.length" value="请不要超过{maxLength}个字。" />
				<entry key="homepage.length.maxLength"><value type="int">255</value></entry>
				<entry key="description.length" value="请不要超过{maxLength}个字。" />
				<entry key="description.length.maxLength"><value type="int">500</value></entry>
				<entry key="contactName.length" value="请不要超过{maxLength}个字。" />
				<entry key="contactName.length.maxLength"><value type="int">10</value></entry>
				<entry key="postcode.length" value="请不要超过{maxLength}个字。" />
				<entry key="postcode.length.maxLength"><value type="int">7</value></entry>
				<entry key="postcode.numeric" value="邮政编码只能包含数字。" />
				<entry key="address[].length" value="请不要超过{maxLength}个字。" />
				<entry key="address[].length.maxLength"><value type="int">200</value></entry>
				<entry key="telephone.length" value="请不要超过{maxLength}个字。" />
				<entry key="telephone.length.maxLength"><value type="int">20</value></entry>
				<entry key="telephone.pattern" value="请按照格式（区号-电话号码-分机号）输入。" />
				<entry key="telephone.pattern.pattern" value="(?:\d+-)?\d+(?:-\d+)?" />
				<entry key="fax.length" value="请不要超过{maxLength}个字。" />
				<entry key="fax.length.maxLength"><value type="int">20</value></entry>
				<entry key="fax.pattern" value="请按照格式（区号-电话号码-分机号）输入。" />
				<entry key="fax.pattern.pattern" value="(?:\d+-)?\d+(?:-\d+)?" />
				<entry key="cellphone.length" value="请不要超过{maxLength}个字。" />
				<entry key="cellphone.length.maxLength"><value type="int">15</value></entry>
				<entry key="cellphone.numeric" value="电话号码只能是数字。" />
				<entry key="qq.length" value="请不要超过{maxLength}个字。" />
				<entry key="qq.length.maxLength"><value type="int">255</value></entry>
				<entry key="weibo.length" value="请不要超过{maxLength}个字。" />
				<entry key="weibo.length.maxLength"><value type="int">255</value></entry>
				<entry key="mailAddress.length" value="请不要超过{maxLength}个字。" />
				<entry key="mailAddress.length.maxLength"><value type="int">255</value></entry>
				<entry key="mailAddress.pattern" value="请输入正确的邮箱地址。" />
				<entry key="mailAddress.pattern.pattern" value="[^@\s]+@\S+" />
			</util:map>
		</property>
		<property name="deleteValidator">
			<bean class="com.changev.tutor.web.util.ParamRequiredValidator"
				p:name="id"
				p:message="该教师用户不存在。"
			/>
		</property>
		<property name="duplicatedEmailMessage" value="该邮箱已经注册。" />
		<property name="userLockedMessage" value="其他用户正在修改，请稍候再试。" />
		<property name="submitSuccessPage" value="/back/teacherList.html" />
		<property name="deleteSuccessPage" value="/back/teacherList.html" />
	</bean>
	
	<bean id="back.modifyMemberView" class="com.changev.tutor.web.back.ModifyMemberView">
		<property name="submitValidator">
			<util:map map-class="com.changev.tutor.web.util.ParamValidatorMap">
				<entry key="name.required" value="请输入您的姓名。" />
				<entry key="name.length" value="请不要超过{maxLength}个字。" />
				<entry key="name.length.maxLength"><value type="int">10</value></entry>
				<entry key="subjects[].required" value="请选择学科。" />
				<entry key="teachedYears.numeric" value="教龄只能是数字。" />
				<entry key="homepage.length" value="请不要超过{maxLength}个字。" />
				<entry key="homepage.length.maxLength"><value type="int">255</value></entry>
				<entry key="description.length" value="请不要超过{maxLength}个字。" />
				<entry key="description.length.maxLength"><value type="int">500</value></entry>
				<entry key="contactName.length" value="请不要超过{maxLength}个字。" />
				<entry key="contactName.length.maxLength"><value type="int">10</value></entry>
				<entry key="postcode.length" value="请不要超过{maxLength}个字。" />
				<entry key="postcode.length.maxLength"><value type="int">7</value></entry>
				<entry key="postcode.numeric" value="邮政编码只能包含数字。" />
				<entry key="address[].length" value="请不要超过{maxLength}个字。" />
				<entry key="address[].length.maxLength"><value type="int">200</value></entry>
				<entry key="telephone.length" value="请不要超过{maxLength}个字。" />
				<entry key="telephone.length.maxLength"><value type="int">20</value></entry>
				<entry key="telephone.pattern" value="请按照格式（区号-电话号码-分机号）输入。" />
				<entry key="telephone.pattern.pattern" value="(?:\d+-)?\d+(?:-\d+)?" />
				<entry key="fax.length" value="请不要超过{maxLength}个字。" />
				<entry key="fax.length.maxLength"><value type="int">20</value></entry>
				<entry key="fax.pattern" value="请按照格式（区号-电话号码-分机号）输入。" />
				<entry key="fax.pattern.pattern" value="(?:\d+-)?\d+(?:-\d+)?" />
				<entry key="cellphone.length" value="请不要超过{maxLength}个字。" />
				<entry key="cellphone.length.maxLength"><value type="int">15</value></entry>
				<entry key="cellphone.numeric" value="电话号码只能是数字。" />
				<entry key="qq.length" value="请不要超过{maxLength}个字。" />
				<entry key="qq.length.maxLength"><value type="int">255</value></entry>
				<entry key="weibo.length" value="请不要超过{maxLength}个字。" />
				<entry key="weibo.length.maxLength"><value type="int">255</value></entry>
				<entry key="mailAddress.length" value="请不要超过{maxLength}个字。" />
				<entry key="mailAddress.length.maxLength"><value type="int">255</value></entry>
				<entry key="mailAddress.pattern" value="请输入正确的邮箱地址。" />
				<entry key="mailAddress.pattern.pattern" value="[^@\s]+@\S+" />
				<entry key="pos[].pattern" value="请输入正确的位置。" />
				<entry key="pos[].pattern.pattern" value="\d*\.?\d+" />
			</util:map>
		</property>
		<property name="duplicatedEmailMessage" value="该邮箱已经注册。" />
		<property name="userLockedMessage" value="其他用户正在修改，请稍候再试。" />
		<property name="successPage" value="" />
	</bean>
	
	<bean id="back.questionListView" class="com.changev.tutor.web.back.QuestionListView" />
	
	<bean id="back.questionDetailView" class="com.changev.tutor.web.back.QuestionDetailView">
		<property name="submitValidator">
			<bean class="com.changev.tutor.web.util.ParamLengthValidator"
				p:name="answer"
				p:maxLength="500"
				p:message="请不要超过{maxLength}个字。" />
		</property>
	</bean>
	
	<bean id="back.userlistView" class="com.changev.tutor.web.back.UserListView">
	</bean>
	
	<bean id="public.mainView" class="com.changev.tutor.web.pub.MainView"/>
	<bean id="public.detailView" class="com.changev.tutor.web.pub.DetailView"/>
	
	<bean id="manage.faqView" class="com.changev.tutor.web.manage.FaqView">
		<property name="submitValidator">
			<util:map map-class="com.changev.tutor.web.util.ParamValidatorMap">
				<entry key="title.required" value="请输入标题。" />
				<entry key="content.required" value="请输入内容。" />
				<entry key="tags.required" value="请输入标签。" />
			</util:map>
		</property>	
	</bean>
	
	<bean id="manage.dataView" class="com.changev.tutor.web.manage.DataView" />
	<bean id="manage.faqListView" class="com.changev.tutor.web.manage.FaqListView" />
	
	<bean id="manage.dataEditorView" class="com.changev.tutor.web.manage.DataEditorView" />

	<!-- Services -->

</beans>